media,Group
Toronto Star,National
Globe and Mail,National
Vancouver Sun,Hybrid Regions
Edmonton Journal,Prairies
Le Devoir,Quebec
National Post,National
Calgary Herald,Prairies
Whitehorse Daily Star,Prairies
Montreal Gazette,Quebec
Chronicle Herald,Hybrid Regions
The Telegram,Hybrid Regions
Times Colonist,Hybrid Regions
La Presse Plus,Quebec
La Presse,Quebec
Winnipeg Free Press,Prairies
Acadie Nouvelle,Hybrid Regions
Star Phoenix,Prairies
Le Droit,Hybrid Regions
Toronto Sun,Hybrid Regions
Journal de Montreal,Quebec
Total,National
